epoch,train_loss,train_kl,train_ce,train_hidden,val_accuracy,best_val_accuracy
0,0.0,0.0,0.0,0.0,0.888671875,0.888671875
1,0.2356246886253357,0.08480449476838112,0.07812573116784916,0.15282382154464721,0.896484375,0.896484375
2,0.2161324805021286,0.06896023007109761,0.07213397213211283,0.1462201269865036,0.89453125,0.896484375
