epoch,train_loss,train_kl,train_ce,train_hidden,val_accuracy,best_val_accuracy
0,0.0,0.0,0.0,0.0,0.896484375,0.896484375
1,0.20702048695087433,0.0490161469951272,0.0632826938163489,0.15372437632083893,0.8984375,0.8984375
2,0.13641899019479753,0.02120194214768708,0.05717191352508962,0.10442605656385422,0.904296875,0.904296875
