epoch,train_loss,train_kl,train_ce,train_hidden,val_accuracy,best_val_accuracy
0,0.0,0.0,0.0,0.0,0.888671875,0.888671875
1,0.275620041012764,0.11973646525666118,0.0957003717799671,0.16309440433979033,0.896484375,0.896484375
2,0.2500932947397232,0.0976071051415056,0.08614021244272589,0.1559262580871582,0.896484375,0.896484375
